user_id,profile_id,day,day_of_week,time
423,308,1,5,00:00:53
94,94,1,5,00:05:33
4,4,1,5,00:09:24
127,127,1,5,00:09:33
456,415,1,5,00:10:46
456,415,1,5,00:12:37
317,79,1,5,00:13:00
202,175,1,5,00:14:02
202,175,1,5,00:14:05
349,417,1,5,00:14:31
378,168,1,5,00:16:35
57,57,1,5,00:18:38
14,380,1,5,00:19:04
31,449,1,5,00:20:34
155,189,1,5,00:23:18
222,222,1,5,00:34:21
237,321,1,5,00:37:48
208,412,1,5,01:14:55
195,144,1,5,06:43:47
394,108,1,5,06:50:42
150,254,1,5,07:04:40
127,127,1,5,07:17:55
167,274,1,5,07:28:24
359,439,1,5,07:31:58
290,368,1,5,07:54:02
76,447,1,5,08:00:14
177,311,1,5,08:09:21
304,304,1,5,08:29:50
96,358,1,5,08:31:31
409,77,1,5,08:56:13
32,32,1,5,08:56:32
32,32,1,5,08:56:37
352,352,1,5,08:58:24
62,391,1,5,09:22:42
445,445,1,5,09:39:40
280,191,1,5,09:46:41
143,143,1,5,09:48:00
143,143,1,5,09:48:10
317,317,1,5,09:53:09
317,317,1,5,09:53:16
448,180,1,5,10:11:01
382,382,1,5,10:12:27
382,382,1,5,10:12:31
246,246,1,5,10:15:42
246,246,1,5,10:15:50
290,290,1,5,10:24:35
312,312,1,5,10:32:00
192,62,1,5,10:51:39
98,216,1,5,11:06:00
380,380,1,5,11:07:44
186,186,1,5,11:22:29
126,209,1,5,11:30:44
39,39,1,5,11:31:39
39,39,1,5,11:31:43
282,175,1,5,11:35:37
282,175,1,5,11:35:42
407,344,1,5,11:36:00
123,123,1,5,11:56:19
219,454,1,5,11:57:44
214,336,1,5,12:04:27
394,394,1,5,12:05:28
52,52,1,5,12:24:25
392,119,1,5,12:27:00
315,402,1,5,12:29:33
386,79,1,5,12:38:37
198,198,1,5,12:46:15
198,198,1,5,12:46:21
232,232,1,5,12:46:28
403,403,1,5,12:46:47
196,196,1,5,12:47:00
196,196,1,5,12:47:37
448,35,1,5,13:05:02
426,426,1,5,13:12:26
280,232,1,5,13:17:08
463,430,1,5,13:19:23
211,195,1,5,13:21:20
142,259,1,5,13:24:55
310,310,1,5,14:09:56
185,294,1,5,14:20:47
306,286,1,5,14:21:32
306,286,1,5,14:21:40
92,216,1,5,14:26:13
341,379,1,5,14:48:16
316,88,1,5,14:55:22
330,330,1,5,15:01:59
246,444,1,5,15:23:34
208,327,1,5,15:24:08
19,19,1,5,15:24:50
319,100,1,5,15:28:35
442,442,1,5,15:33:12
50,50,1,5,15:33:42
81,81,1,5,15:37:38
140,140,1,5,15:43:49
156,407,1,5,16:07:15
55,55,1,5,16:13:00
128,128,1,5,16:20:55
397,397,1,5,17:16:53
397,397,1,5,17:17:01
124,124,1,5,17:29:18
196,250,1,5,17:57:01
140,52,1,5,18:02:24
461,461,1,5,18:25:25
39,194,1,5,18:47:36
92,311,1,5,19:05:30
228,228,1,5,22:28:36
349,307,1,5,22:30:59
349,307,1,5,22:31:02
390,42,1,5,23:01:16
390,42,1,5,23:01:22
390,42,1,5,23:01:26
410,275,1,5,23:54:34
163,163,2,6,00:02:41
18,24,2,6,00:04:33
18,24,2,6,00:04:36
349,213,2,6,00:15:08
349,213,2,6,00:15:12
378,137,2,6,00:17:28
116,91,2,6,00:20:11
129,249,2,6,00:44:19
172,238,2,6,02:05:59
172,238,2,6,02:06:02
361,361,2,6,06:43:26
126,113,2,6,07:01:52
205,205,2,6,07:22:38
5,112,2,6,07:36:18
455,455,2,6,07:46:28
455,455,2,6,07:46:45
15,220,2,6,08:03:11
98,371,2,6,08:08:54
451,422,2,6,08:17:18
267,221,2,6,08:22:14
267,221,2,6,08:22:21
330,39,2,6,08:28:52
448,340,2,6,08:29:17
310,310,2,6,08:32:22
177,385,2,6,09:07:46
439,402,2,6,09:15:43
220,140,2,6,09:24:41
220,140,2,6,09:24:48
98,98,2,6,09:43:49
277,117,2,6,09:46:21
11,11,2,6,09:48:47
3,3,2,6,10:00:24
252,92,2,6,10:13:09
213,85,2,6,10:41:33
444,318,2,6,10:55:48
383,383,2,6,11:02:24
378,226,2,6,11:11:44
314,263,2,6,11:12:03
230,60,2,6,11:13:46
450,11,2,6,11:15:11
450,11,2,6,11:15:15
245,81,2,6,11:16:10
33,240,2,6,11:16:14
33,240,2,6,11:16:18
59,59,2,6,11:17:59
39,118,2,6,11:18:48
310,310,2,6,11:20:36
358,70,2,6,11:23:47
341,73,2,6,11:29:08
359,402,2,6,12:01:18
177,177,2,6,12:10:16
461,461,2,6,12:19:18
173,280,2,6,12:48:05
230,230,2,6,13:08:32
11,11,2,6,13:25:27
128,345,2,6,15:08:49
331,268,2,6,15:21:52
331,268,2,6,15:27:12
423,308,2,6,16:27:38
208,208,2,6,16:27:44
431,431,2,6,16:32:04
310,310,2,6,16:35:22
113,113,2,6,16:35:27
359,460,2,6,16:37:59
84,84,2,6,16:44:55
345,234,2,6,16:45:33
165,143,2,6,16:50:43
185,351,2,6,16:53:29
317,456,2,6,17:03:17
76,21,2,6,17:15:43
73,274,2,6,17:26:21
150,150,2,6,17:44:51
407,407,2,6,17:58:27
465,161,2,6,18:03:50
35,408,2,6,18:11:30
197,197,2,6,18:16:17
22,22,2,6,18:18:17
12,252,2,6,18:38:15
12,124,2,6,18:38:19
12,109,2,6,18:38:22
307,307,2,6,18:50:24
51,43,2,6,19:14:49
291,291,2,6,19:15:24
291,291,2,6,19:15:28
315,5,2,6,19:55:55
110,263,2,6,20:31:06
110,263,2,6,20:31:10
354,354,2,6,20:48:53
220,220,2,6,21:16:00
220,91,2,6,21:16:02
220,398,2,6,21:16:06
220,269,2,6,21:16:09
220,269,2,6,21:16:12
220,316,2,6,21:16:13
220,316,2,6,21:16:15
156,349,2,6,22:05:03
249,127,2,6,22:38:20
299,299,2,6,23:27:45
299,299,2,6,23:27:50
299,299,2,6,23:27:54
14,380,3,7,00:09:46
63,267,3,7,00:16:04
321,321,3,7,00:19:34
59,154,3,7,00:25:46
10,91,3,7,02:48:23
116,91,3,7,02:51:11
330,354,3,7,02:53:04
330,354,3,7,02:53:08
150,18,3,7,06:41:32
195,410,3,7,07:37:16
375,172,3,7,09:01:42
435,12,3,7,09:06:40
75,75,3,7,09:17:09
447,5,3,7,09:17:44
268,252,3,7,09:53:14
88,88,3,7,11:10:30
20,252,3,7,11:24:22
20,252,3,7,11:24:25
150,285,3,7,11:25:23
208,410,3,7,11:29:51
189,189,3,7,11:54:58
189,189,3,7,11:55:02
440,100,3,7,13:28:51
440,100,3,7,13:28:55
153,130,3,7,14:02:16
354,3,3,7,14:19:27
354,3,3,7,14:19:31
342,269,3,7,14:43:27
208,195,3,7,14:58:24
323,323,3,7,15:05:03
462,87,3,7,15:18:46
55,353,3,7,15:31:48
333,129,3,7,15:55:30
128,128,3,7,15:57:25
120,44,3,7,15:59:43
43,293,3,7,16:01:43
188,188,3,7,16:19:00
92,92,3,7,16:49:11
208,200,3,7,17:14:52
208,208,3,7,17:53:02
285,139,3,7,18:31:25
198,144,3,7,18:56:51
192,192,3,7,20:28:23
311,311,3,7,20:42:31
262,367,3,7,21:23:17
307,401,3,7,21:24:09
343,343,3,7,21:26:53
228,218,3,7,21:55:56
442,188,3,7,22:03:02
442,188,3,7,22:18:58
210,210,3,7,22:21:52
161,198,3,7,22:27:23
300,45,3,7,23:32:12
167,15,4,1,00:04:22
261,70,4,1,00:19:07
220,15,4,1,00:19:14
220,15,4,1,00:19:31
220,15,4,1,00:19:35
220,411,4,1,00:19:42
220,62,4,1,00:19:44
220,322,4,1,00:19:45
435,111,4,1,00:22:37
456,202,4,1,00:29:00
320,452,4,1,00:49:18
191,79,4,1,00:58:04
191,79,4,1,00:58:50
93,191,4,1,01:34:51
7,7,4,1,01:37:25
135,444,4,1,06:38:35
161,278,4,1,07:31:07
328,223,4,1,07:50:07
75,75,4,1,08:08:59
311,311,4,1,08:14:28
431,360,4,1,08:25:03
448,448,4,1,08:30:37
48,48,4,1,08:34:07
209,294,4,1,08:50:17
209,294,4,1,08:50:22
209,294,4,1,08:50:24
267,82,4,1,08:55:51
267,82,4,1,08:55:55
233,22,4,1,09:12:06
213,213,4,1,09:14:13
213,213,4,1,09:14:18
283,8,4,1,09:16:21
211,309,4,1,09:30:04
349,400,4,1,09:34:42
349,400,4,1,09:34:49
394,131,4,1,09:47:17
347,132,4,1,09:48:33
347,132,4,1,09:48:38
435,52,4,1,10:05:23
354,159,4,1,10:07:24
68,268,4,1,10:44:22
74,74,4,1,11:12:58
207,47,4,1,11:58:03
217,301,4,1,12:02:01
192,179,4,1,12:26:47
192,179,4,1,12:26:53
220,220,4,1,12:55:08
220,220,4,1,12:55:13
100,225,4,1,13:01:36
407,407,4,1,13:04:33
180,7,4,1,13:30:27
279,392,4,1,14:04:39
270,1,4,1,14:21:30
270,1,4,1,14:21:36
418,285,4,1,14:28:21
404,100,4,1,15:26:09
404,100,4,1,15:26:12
177,149,4,1,15:53:19
349,47,4,1,15:53:35
246,246,4,1,15:54:29
48,48,4,1,17:08:49
48,48,4,1,17:09:05
217,364,4,1,17:23:04
219,52,4,1,17:27:28
315,399,4,1,18:49:25
315,399,4,1,18:49:48
400,279,4,1,18:51:21
208,156,4,1,19:05:15
328,108,4,1,19:06:50
340,340,4,1,19:23:38
177,455,4,1,19:47:15
177,455,4,1,19:47:18
450,220,4,1,20:05:31
375,3,4,1,21:27:35
287,287,4,1,22:37:43
287,287,4,1,22:37:56
150,150,5,2,00:03:46
316,118,5,2,00:08:13
7,446,5,2,00:13:03
7,446,5,2,00:13:13
68,68,5,2,00:14:41
70,399,5,2,00:21:16
66,91,5,2,02:53:34
66,91,5,2,02:53:41
337,429,5,2,07:18:53
107,107,5,2,08:39:49
263,263,5,2,08:47:42
241,254,5,2,09:23:16
278,161,5,2,09:26:07
161,278,5,2,09:49:52
113,113,5,2,09:51:43
277,392,5,2,09:56:39
464,464,5,2,10:02:32
450,248,5,2,10:08:06
450,248,5,2,10:08:11
450,248,5,2,10:08:22
450,248,5,2,10:08:26
330,15,5,2,10:46:43
140,244,5,2,11:06:58
140,244,5,2,11:07:02
77,349,5,2,11:28:04
322,408,5,2,11:46:13
135,467,5,2,11:48:46
144,412,5,2,11:53:03
28,258,5,2,12:32:43
28,258,5,2,12:32:46
404,405,5,2,12:57:47
163,163,5,2,12:58:52
163,163,5,2,13:00:57
113,345,5,2,13:02:35
2,2,5,2,13:22:17
465,443,5,2,13:28:59
315,270,5,2,14:59:46
423,423,5,2,15:05:20
387,177,5,2,15:57:09
387,177,5,2,15:57:14
28,289,5,2,15:59:45
251,310,5,2,16:16:48
280,134,5,2,16:21:32
280,134,5,2,16:21:37
36,36,5,2,16:28:27
238,7,5,2,16:35:34
238,7,5,2,16:35:38
216,128,5,2,16:42:44
465,255,5,2,16:49:08
465,255,5,2,16:49:41
465,255,5,2,16:49:52
214,381,5,2,16:53:14
214,214,5,2,16:53:21
217,432,5,2,17:19:05
220,52,5,2,17:42:20
220,430,5,2,17:42:23
220,167,5,2,17:42:27
220,292,5,2,17:42:31
182,182,5,2,17:48:43
335,335,5,2,18:01:29
401,195,5,2,18:02:35
326,344,5,2,18:13:57
220,7,5,2,19:08:06
209,279,5,2,20:34:18
220,430,5,2,20:40:59
220,430,5,2,20:41:05
220,209,5,2,20:41:07
236,294,5,2,21:24:04
410,227,5,2,21:28:05
446,43,5,2,21:37:58
446,430,5,2,21:38:01
446,7,5,2,21:38:04
208,410,5,2,21:41:44
446,430,5,2,21:47:29
446,430,5,2,22:16:07
446,430,5,2,22:18:03
318,115,5,2,23:04:06
213,349,5,2,23:17:11
394,394,6,3,00:02:39
241,299,6,3,00:04:32
52,182,6,3,00:06:48
266,175,6,3,00:06:56
15,357,6,3,00:07:32
49,330,6,3,00:09:57
81,413,6,3,00:13:28
51,456,6,3,00:23:38
82,157,6,3,00:54:19
220,391,6,3,01:01:02
118,331,6,3,08:00:52
325,99,6,3,08:36:06
25,278,6,3,08:39:32
358,119,6,3,08:52:48
25,278,6,3,08:56:46
25,278,6,3,08:56:46
195,144,6,3,09:14:27
82,82,6,3,09:34:19
180,448,6,3,09:46:42
301,332,6,3,10:05:49
177,177,6,3,10:11:46
207,303,6,3,10:36:02
87,135,6,3,10:42:42
391,123,6,3,10:49:30
202,357,6,3,10:57:38
230,386,6,3,11:16:39
163,163,6,3,11:16:45
208,163,6,3,11:21:52
208,335,6,3,11:39:20
437,437,6,3,11:44:32
322,322,6,3,11:58:58
322,322,6,3,12:03:36
180,180,6,3,12:05:29
64,179,6,3,12:29:22
64,179,6,3,12:29:27
135,444,6,3,12:30:12
135,444,6,3,12:30:16
406,146,6,3,12:46:17
56,80,6,3,13:13:15
56,80,6,3,13:13:18
254,28,6,3,13:31:12
147,20,6,3,15:25:20
261,457,6,3,15:36:10
36,388,6,3,15:58:07
446,167,6,3,16:08:13
446,167,6,3,16:08:16
446,118,6,3,16:08:20
446,118,6,3,16:08:31
446,16,6,3,16:08:33
446,16,6,3,16:08:39
446,9,6,3,16:08:44
446,59,6,3,16:08:53
446,59,6,3,16:08:56
446,466,6,3,16:09:03
446,12,6,3,16:09:05
446,12,6,3,16:09:08
446,96,6,3,16:09:13
446,96,6,3,16:09:16
446,96,6,3,16:09:18
446,75,6,3,16:09:21
446,167,6,3,16:09:27
446,167,6,3,16:09:29
220,220,6,3,17:14:48
430,292,6,3,17:22:14
94,94,6,3,17:23:02
220,220,6,3,17:25:44
19,338,6,3,17:27:09
113,128,6,3,17:28:18
284,284,6,3,17:33:15
284,284,6,3,17:33:25
192,321,6,3,17:41:34
315,151,6,3,17:58:05
262,453,6,3,18:19:10
394,394,6,3,19:54:02
282,55,6,3,20:05:07
239,239,6,3,20:16:56
160,324,6,3,20:54:26
160,324,6,3,20:54:29
98,98,6,3,21:03:05
241,299,6,3,21:58:55
316,289,6,3,22:06:24
173,238,6,3,22:06:24
33,33,6,3,22:18:05
315,399,6,3,22:58:24
328,328,6,3,23:02:37
13,406,6,3,23:15:28
140,10,6,3,23:38:50
39,39,7,4,00:05:46
440,240,7,4,00:14:29
440,240,7,4,00:14:32
440,240,7,4,00:14:33
451,206,7,4,00:21:24
369,197,7,4,00:28:44
91,238,7,4,01:09:30
333,273,7,4,01:09:51
333,273,7,4,01:09:53
267,422,7,4,07:13:03
389,46,7,4,07:15:13
277,343,7,4,07:40:18
324,278,7,4,07:53:23
208,358,7,4,08:03:32
239,60,7,4,08:04:37
106,36,7,4,08:14:14
106,36,7,4,08:30:52
349,36,7,4,08:39:18
334,302,7,4,08:40:11
26,26,7,4,09:02:02
278,161,7,4,09:36:14
460,460,7,4,09:56:09
460,460,7,4,09:56:14
448,35,7,4,10:17:21
192,171,7,4,10:22:57
128,128,7,4,10:23:00
192,171,7,4,10:23:56
192,171,7,4,10:32:04
391,391,7,4,10:54:20
451,139,7,4,11:14:00
57,406,7,4,11:43:24
57,406,7,4,11:43:30
179,219,7,4,11:57:14
179,219,7,4,11:57:20
179,219,7,4,11:57:29
179,466,7,4,11:58:08
179,466,7,4,11:58:12
179,167,7,4,11:58:19
179,7,7,4,11:58:30
179,7,7,4,11:58:46
86,18,7,4,12:26:31
435,446,7,4,12:52:17
435,446,7,4,12:52:32
370,314,7,4,13:12:14
450,243,7,4,13:14:27
450,243,7,4,13:14:38
450,243,7,4,13:14:42
423,423,7,4,13:46:45
423,423,7,4,13:46:48
204,457,7,4,14:06:51
68,102,7,4,14:12:21
68,102,7,4,14:12:27
143,412,7,4,14:14:51
210,25,7,4,14:19:52
177,177,7,4,14:42:48
177,177,7,4,14:42:55
409,409,7,4,14:43:26
160,409,7,4,14:52:22
160,409,7,4,14:52:28
33,33,7,4,14:58:17
434,96,7,4,15:06:23
173,266,7,4,15:06:40
457,457,7,4,15:10:04
77,77,7,4,15:18:04
401,372,7,4,15:34:52
17,17,7,4,15:35:51
47,85,7,4,15:43:02
431,431,7,4,15:43:02
268,268,7,4,15:43:31
103,103,7,4,15:45:46
439,147,7,4,16:12:15
237,466,7,4,16:13:19
446,52,7,4,17:13:45
73,91,7,4,17:36:17
209,379,7,4,17:36:18
101,101,7,4,17:36:29
134,134,7,4,18:07:21
255,229,7,4,18:12:27
321,375,7,4,18:26:32
46,370,7,4,18:31:15
46,370,7,4,18:31:21
360,392,7,4,18:46:50
360,392,7,4,18:46:53
310,422,7,4,18:56:49
163,422,7,4,19:04:57
164,373,7,4,19:05:03
356,46,7,4,19:18:41
189,360,7,4,19:26:19
138,138,7,4,19:43:57
455,455,7,4,19:50:34
320,320,7,4,19:56:05
365,91,7,4,20:47:36
232,94,7,4,21:35:24
280,94,7,4,21:40:45
238,238,7,4,22:07:30
277,45,7,4,22:27:39
354,171,7,4,22:29:38
303,25,7,4,23:36:09
391,238,8,5,00:04:10
391,238,8,5,00:04:14
63,63,8,5,00:07:04
33,33,8,5,00:14:35
394,394,8,5,06:47:01
394,394,8,5,07:00:15
394,394,8,5,07:10:44
17,17,8,5,07:24:12
12,179,8,5,07:58:12
208,203,8,5,08:06:35
175,179,8,5,08:31:12
206,85,8,5,08:40:29
119,352,8,5,08:45:08
119,352,8,5,08:45:14
400,437,8,5,09:06:53
156,20,8,5,10:10:21
320,457,8,5,10:44:03
201,358,8,5,10:46:16
312,447,8,5,10:46:28
359,336,8,5,10:49:04
316,238,8,5,10:49:17
39,11,8,5,10:49:21
92,92,8,5,10:58:12
92,92,8,5,10:58:28
328,87,8,5,10:58:55
328,87,8,5,10:59:00
179,219,8,5,11:01:13
179,219,8,5,11:01:18
179,219,8,5,11:01:24
246,444,8,5,11:05:36
273,92,8,5,11:14:38
33,225,8,5,11:31:23
277,242,8,5,11:42:28
462,85,8,5,11:43:11
253,108,8,5,11:43:49
253,108,8,5,11:43:52
18,265,8,5,12:02:24
18,265,8,5,12:02:27
208,208,8,5,12:19:48
225,390,8,5,12:49:17
225,224,8,5,12:49:21
225,228,8,5,12:49:34
225,295,8,5,12:49:37
320,206,8,5,13:09:11
320,206,8,5,13:09:25
320,206,8,5,13:09:26
69,403,8,5,13:27:35
350,256,8,5,13:28:02
167,44,8,5,13:34:23
339,85,8,5,13:40:22
179,357,8,5,13:52:10
179,66,8,5,13:53:33
179,44,8,5,13:53:52
306,432,8,5,14:04:38
257,110,8,5,15:05:34
171,171,8,5,15:05:51
113,113,8,5,15:10:06
441,143,8,5,15:12:53
248,171,8,5,15:13:32
39,39,8,5,15:15:23
443,170,8,5,15:22:16
156,279,8,5,15:25:02
206,86,8,5,15:27:02
180,180,8,5,16:08:27
309,112,8,5,16:13:55
309,112,8,5,16:13:58
274,171,8,5,16:58:17
63,63,8,5,17:51:38
283,344,8,5,17:52:37
24,33,8,5,18:50:05
24,33,8,5,18:50:10
76,465,8,5,18:50:35
317,317,8,5,18:53:01
219,59,8,5,18:55:55
354,354,8,5,19:05:13
140,140,8,5,19:07:02
140,140,8,5,19:07:08
345,350,8,5,19:52:06
44,44,8,5,21:44:34
345,177,8,5,21:56:53
242,242,8,5,22:01:24
255,255,8,5,22:14:50
255,255,8,5,22:15:18
32,70,8,5,22:16:30
404,373,8,5,22:40:16
307,259,8,5,22:45:52
237,354,8,5,22:48:51
254,315,8,5,23:24:35
254,315,8,5,23:24:39
254,315,8,5,23:24:43
254,315,8,5,23:24:47
359,312,8,5,23:30:49
241,299,9,6,00:01:14
15,354,9,6,00:03:57
351,351,9,6,00:04:06
294,238,9,6,00:11:41
323,399,9,6,00:12:17
281,281,9,6,00:15:35
103,109,9,6,00:22:08
450,182,9,6,00:27:03
450,182,9,6,00:27:05
416,231,9,6,00:54:30
110,228,9,6,06:07:49
392,203,9,6,06:31:30
332,203,9,6,06:52:47
456,448,9,6,07:31:24
140,274,9,6,07:34:42
102,451,9,6,07:53:33
248,238,9,6,08:21:29
248,238,9,6,08:21:32
458,458,9,6,08:27:17
120,263,9,6,09:38:30
393,315,9,6,10:06:14
216,314,9,6,11:18:52
76,108,9,6,11:23:16
154,154,9,6,11:42:42
80,251,9,6,11:52:24
80,251,9,6,11:52:38
112,112,9,6,11:52:50
69,69,9,6,12:09:44
465,310,9,6,12:39:44
231,231,9,6,12:51:28
208,412,9,6,12:55:54
208,412,9,6,12:56:01
142,142,9,6,13:28:36
155,155,9,6,13:43:05
39,51,9,6,13:52:28
36,195,9,6,13:53:35
380,67,9,6,14:31:55
380,228,9,6,14:31:59
380,228,9,6,14:32:01
233,222,9,6,15:06:43
185,405,9,6,15:14:41
74,74,9,6,15:40:12
74,74,9,6,15:40:17
74,74,9,6,15:40:21
150,382,9,6,15:59:21
261,393,9,6,16:08:10
440,379,9,6,16:09:24
440,379,9,6,16:09:26
12,91,9,6,16:26:25
12,294,9,6,16:26:27
12,449,9,6,16:26:29
198,25,9,6,16:31:47
122,122,9,6,16:49:59
304,177,9,6,17:36:22
143,88,9,6,17:37:34
396,177,9,6,17:54:43
164,465,9,6,18:09:11
358,212,9,6,18:37:51
16,219,9,6,19:59:17
220,280,9,6,20:19:03
105,280,9,6,21:07:52
105,280,9,6,21:07:58
19,177,9,6,21:30:19
331,89,9,6,22:27:07
120,218,9,6,22:27:15
278,161,9,6,23:13:07
352,352,10,7,00:04:45
307,213,10,7,00:18:45
216,177,10,7,00:32:51
290,367,10,7,01:00:41
188,246,10,7,01:03:25
49,49,10,7,01:49:02
49,415,10,7,01:49:21
355,355,10,7,05:18:53
438,297,10,7,06:24:58
305,305,10,7,06:26:04
442,231,10,7,07:20:26
440,100,10,7,07:40:08
440,100,10,7,07:40:10
354,354,10,7,07:48:10
354,354,10,7,07:48:13
394,413,10,7,09:07:37
402,402,10,7,09:17:22
402,402,10,7,09:17:24
402,402,10,7,09:17:30
119,150,10,7,09:19:50
351,102,10,7,09:26:11
453,145,10,7,09:45:15
429,429,10,7,09:45:22
76,107,10,7,09:49:07
208,410,10,7,09:58:24
409,392,10,7,10:09:45
34,138,10,7,10:56:47
308,63,10,7,11:00:21
78,348,10,7,11:04:25
31,449,10,7,11:04:27
411,111,10,7,11:44:25
352,352,10,7,13:42:38
352,352,10,7,13:42:57
404,100,10,7,14:27:58
404,100,10,7,14:28:01
198,25,10,7,14:29:50
344,283,10,7,16:30:09
122,31,10,7,16:56:41
354,354,10,7,17:48:13
354,354,10,7,17:48:20
354,354,10,7,17:48:28
418,176,10,7,17:55:58
309,309,10,7,18:18:42
282,408,10,7,20:12:46
327,344,10,7,21:33:36
277,277,10,7,22:58:19
277,277,10,7,22:58:26
100,465,10,7,23:39:34
294,7,11,1,00:20:47
370,370,11,1,00:29:55
444,444,11,1,00:57:44
131,212,11,1,05:14:31
132,132,11,1,07:16:06
67,295,11,1,07:47:40
168,392,11,1,08:43:12
282,35,11,1,08:44:21
282,35,11,1,08:46:39
454,454,11,1,08:56:53
454,454,11,1,08:56:59
185,83,11,1,08:58:08
259,360,11,1,09:16:19
395,240,11,1,09:48:48
395,240,11,1,09:48:55
395,240,11,1,09:49:01
140,31,11,1,09:56:00
46,46,11,1,09:56:04
140,31,11,1,09:56:05
465,395,11,1,10:42:44
330,330,11,1,10:56:16
359,312,11,1,11:07:38
133,20,11,1,11:23:03
26,26,11,1,12:13:21
26,26,11,1,12:13:24
26,26,11,1,12:13:26
331,464,11,1,12:24:35
123,123,11,1,12:40:22
123,123,11,1,12:41:29
323,36,11,1,12:59:34
322,322,11,1,13:24:09
128,345,11,1,14:21:37
128,345,11,1,14:21:45
26,26,11,1,15:42:33
26,26,11,1,15:42:36
161,25,11,1,17:27:34
76,276,11,1,18:55:50
142,346,11,1,19:12:21
142,346,11,1,19:12:25
92,89,11,1,19:41:47
33,33,11,1,19:42:06
428,428,11,1,19:44:51
404,151,11,1,20:53:35
217,309,11,1,21:13:27
328,284,11,1,21:20:56
283,76,11,1,21:35:42
277,284,11,1,21:53:57
349,332,11,1,22:27:27
430,219,11,1,22:37:35
177,129,11,1,23:19:01
330,244,11,1,23:23:52
35,446,11,1,23:39:47
192,192,11,1,23:50:42
