user_id,day,day_of_week,time
86,1,5,00:01:36
311,1,5,00:04:39
311,1,5,00:04:42
303,1,5,00:04:57
115,1,5,00:07:13
437,1,5,00:07:38
456,1,5,00:13:01
349,1,5,00:15:12
202,1,5,00:16:25
81,1,5,00:18:08
384,1,5,00:19:05
14,1,5,00:19:28
179,1,5,00:25:13
3,1,5,00:47:02
434,1,5,00:59:08
434,1,5,00:59:25
269,1,5,01:11:58
243,1,5,01:44:37
86,1,5,06:29:39
6,1,5,07:23:20
269,1,5,07:37:08
432,1,5,07:50:50
395,1,5,08:07:21
381,1,5,08:13:10
208,1,5,08:29:16
208,1,5,08:29:57
202,1,5,08:33:40
156,1,5,08:53:57
120,1,5,08:58:58
69,1,5,09:02:36
374,1,5,09:08:23
337,1,5,09:18:13
452,1,5,09:22:39
369,1,5,09:23:02
108,1,5,09:31:01
108,1,5,09:31:23
408,1,5,09:36:39
408,1,5,09:37:26
408,1,5,09:37:36
433,1,5,09:37:37
252,1,5,09:38:00
445,1,5,09:38:02
445,1,5,09:38:55
410,1,5,09:42:18
12,1,5,09:54:02
167,1,5,09:56:41
375,1,5,09:59:10
5,1,5,09:59:43
439,1,5,09:59:45
375,1,5,09:59:54
240,1,5,10:13:28
219,1,5,10:14:27
137,1,5,10:19:41
246,1,5,10:26:07
36,1,5,10:28:32
46,1,5,10:30:38
186,1,5,10:36:25
163,1,5,10:36:40
226,1,5,10:37:10
298,1,5,11:02:08
358,1,5,11:03:36
380,1,5,11:08:10
408,1,5,11:28:51
28,1,5,11:37:22
260,1,5,11:40:24
430,1,5,11:45:20
231,1,5,11:45:20
435,1,5,11:46:18
75,1,5,11:51:31
86,1,5,11:52:50
86,1,5,11:53:02
88,1,5,11:56:38
214,1,5,11:58:03
362,1,5,12:00:43
354,1,5,12:01:39
327,1,5,12:01:55
130,1,5,12:07:25
117,1,5,12:13:06
332,1,5,12:16:08
28,1,5,12:25:16
292,1,5,12:31:25
207,1,5,12:32:08
331,1,5,12:33:19
202,1,5,12:33:35
86,1,5,12:33:46
120,1,5,12:48:46
120,1,5,12:49:28
25,1,5,12:51:48
320,1,5,12:52:01
53,1,5,12:53:06
375,1,5,13:10:34
115,1,5,13:15:58
280,1,5,13:17:17
248,1,5,13:18:46
160,1,5,13:19:45
30,1,5,13:21:05
390,1,5,13:29:47
245,1,5,13:30:05
245,1,5,13:30:24
245,1,5,13:30:37
340,1,5,13:34:23
342,1,5,13:39:46
282,1,5,13:43:15
286,1,5,13:50:37
375,1,5,13:55:26
408,1,5,14:14:40
246,1,5,14:16:45
407,1,5,14:23:14
202,1,5,14:25:18
418,1,5,14:42:56
64,1,5,14:46:38
21,1,5,14:51:43
143,1,5,15:21:09
358,1,5,15:24:07
92,1,5,15:24:50
442,1,5,15:33:28
50,1,5,15:33:58
358,1,5,15:40:20
14,1,5,15:47:56
229,1,5,15:57:30
432,1,5,16:01:56
147,1,5,16:07:08
55,1,5,16:13:55
450,1,5,16:19:02
217,1,5,16:23:41
11,1,5,16:56:16
316,1,5,17:11:22
231,1,5,17:22:13
124,1,5,17:29:38
124,1,5,17:30:00
358,1,5,17:40:58
346,1,5,17:44:07
245,1,5,17:48:46
245,1,5,17:49:13
375,1,5,17:51:06
133,1,5,18:05:47
50,1,5,18:06:51
252,1,5,18:18:35
64,1,5,18:21:18
341,1,5,18:25:06
330,1,5,18:26:45
227,1,5,18:45:32
310,1,5,18:58:41
310,1,5,18:59:02
217,1,5,19:49:46
217,1,5,19:49:56
115,1,5,20:32:08
220,1,5,21:43:20
375,1,5,22:40:50
390,1,5,23:00:50
217,1,5,23:10:20
235,1,5,23:31:20
120,2,6,00:09:53
120,2,6,00:13:56
120,2,6,00:14:11
120,2,6,00:18:36
398,2,6,00:18:44
217,2,6,00:20:50
382,2,6,00:21:16
120,2,6,00:23:47
320,2,6,00:24:52
24,2,6,00:25:31
65,2,6,00:38:49
388,2,6,00:45:02
388,2,6,00:45:08
136,2,6,01:01:14
248,2,6,01:12:31
320,2,6,03:54:14
417,2,6,04:09:50
115,2,6,06:49:29
217,2,6,06:53:51
217,2,6,06:54:47
342,2,6,07:50:58
375,2,6,07:51:43
120,2,6,08:12:47
120,2,6,08:14:15
432,2,6,08:15:56
86,2,6,08:49:54
337,2,6,09:16:06
337,2,6,09:16:22
220,2,6,09:25:01
217,2,6,09:45:36
11,2,6,09:49:00
11,2,6,09:49:03
307,2,6,09:59:56
227,2,6,10:17:27
71,2,6,10:37:12
405,2,6,10:38:35
115,2,6,10:48:02
74,2,6,10:56:24
74,2,6,10:57:22
245,2,6,11:13:30
245,2,6,11:14:57
245,2,6,11:15:43
245,2,6,11:15:51
118,2,6,11:17:28
118,2,6,11:17:40
118,2,6,11:19:15
375,2,6,11:20:31
310,2,6,11:20:52
217,2,6,11:24:36
253,2,6,11:30:45
229,2,6,11:31:13
460,2,6,11:56:32
460,2,6,11:56:41
444,2,6,12:25:13
147,2,6,12:36:41
435,2,6,14:00:51
303,2,6,14:23:53
316,2,6,14:40:06
74,2,6,15:03:31
128,2,6,15:09:22
242,2,6,15:30:57
310,2,6,16:36:46
310,2,6,16:36:55
245,2,6,16:38:07
100,2,6,16:46:17
342,2,6,16:46:21
311,2,6,16:50:34
163,2,6,16:58:04
12,2,6,17:20:57
73,2,6,17:26:36
12,2,6,17:29:11
332,2,6,17:45:24
255,2,6,18:11:49
217,2,6,18:21:50
42,2,6,18:27:14
42,2,6,18:27:23
42,2,6,18:27:42
59,2,6,18:29:43
59,2,6,18:32:28
179,2,6,18:33:17
150,2,6,18:35:16
449,2,6,18:37:59
150,2,6,18:38:44
221,2,6,18:40:28
201,2,6,18:40:49
115,2,6,18:41:11
418,2,6,18:41:13
275,2,6,18:41:22
255,2,6,18:42:04
300,2,6,18:42:47
300,2,6,18:43:01
221,2,6,18:43:08
363,2,6,18:44:50
4,2,6,18:44:57
86,2,6,18:45:11
168,2,6,18:47:06
418,2,6,18:48:13
338,2,6,18:49:39
338,2,6,18:49:46
12,2,6,18:53:20
84,2,6,18:56:35
389,2,6,19:14:04
382,2,6,19:14:05
379,2,6,19:15:39
430,2,6,19:17:54
430,2,6,19:18:25
430,2,6,19:20:12
430,2,6,19:23:14
320,2,6,19:55:49
408,2,6,20:37:12
192,2,6,20:50:28
36,2,6,21:03:27
220,2,6,21:14:40
96,2,6,21:38:23
156,2,6,22:05:57
138,2,6,22:18:00
138,2,6,22:18:13
148,2,6,22:21:47
120,2,6,22:56:30
316,2,6,22:57:59
307,2,6,23:22:56
307,2,6,23:24:34
57,3,7,00:07:38
57,3,7,00:08:09
63,3,7,00:14:28
63,3,7,00:14:42
63,3,7,00:15:00
89,3,7,00:15:18
375,3,7,00:17:13
375,3,7,00:20:04
115,3,7,00:20:38
320,3,7,00:22:10
47,3,7,01:29:06
116,3,7,02:51:29
220,3,7,03:00:33
12,3,7,07:02:35
12,3,7,07:02:44
403,3,7,07:29:14
331,3,7,07:44:07
124,3,7,08:07:03
76,3,7,08:54:31
375,3,7,09:01:52
320,3,7,09:17:22
115,3,7,09:19:06
86,3,7,09:20:11
96,3,7,09:44:58
55,3,7,10:09:48
55,3,7,10:09:56
12,3,7,10:50:54
120,3,7,10:52:05
182,3,7,11:12:47
182,3,7,11:13:19
137,3,7,11:16:19
20,3,7,11:24:07
208,3,7,11:30:22
83,3,7,11:48:23
101,3,7,12:01:46
115,3,7,12:22:58
46,3,7,13:00:17
342,3,7,14:43:52
462,3,7,15:19:23
320,3,7,15:52:03
122,3,7,15:56:18
394,3,7,15:56:39
165,3,7,15:57:10
165,3,7,15:57:23
120,3,7,15:59:59
338,3,7,16:00:10
24,3,7,16:03:29
399,3,7,16:06:29
373,3,7,16:12:48
275,3,7,16:19:46
245,3,7,16:20:55
435,3,7,16:24:15
435,3,7,16:27:16
319,3,7,16:36:26
265,3,7,16:41:21
115,3,7,17:07:39
229,3,7,17:08:01
36,3,7,18:49:04
36,3,7,18:49:22
375,3,7,18:57:10
375,3,7,18:57:23
321,3,7,18:57:25
92,3,7,19:24:16
3,3,7,19:24:27
3,3,7,19:24:35
320,3,7,20:18:10
331,3,7,21:19:42
120,3,7,21:23:37
307,3,7,21:24:22
223,3,7,21:27:40
267,3,7,21:38:56
202,3,7,21:41:52
210,3,7,22:22:10
446,3,7,22:24:18
446,3,7,22:24:23
220,3,7,22:28:27
341,3,7,22:36:16
320,3,7,22:42:06
7,3,7,22:43:14
7,3,7,22:44:06
78,3,7,22:48:27
460,3,7,23:08:41
377,3,7,23:09:08
375,3,7,23:17:02
78,3,7,23:33:09
405,3,7,23:38:46
120,3,7,23:53:02
220,3,7,23:57:15
115,4,1,00:07:55
120,4,1,00:08:28
220,4,1,00:19:06
375,4,1,00:20:17
320,4,1,00:49:31
352,4,1,01:10:26
352,4,1,01:11:03
115,4,1,06:38:42
320,4,1,08:26:28
168,4,1,08:33:24
22,4,1,08:42:18
209,4,1,08:51:05
375,4,1,08:58:25
354,4,1,09:08:43
375,4,1,09:22:37
160,4,1,10:15:38
91,4,1,10:58:08
217,4,1,12:02:27
115,4,1,12:04:28
267,4,1,12:09:23
120,4,1,12:13:05
434,4,1,12:36:40
375,4,1,13:11:28
78,4,1,13:30:52
12,4,1,13:38:34
63,4,1,13:46:03
54,4,1,14:21:24
378,4,1,14:29:05
412,4,1,14:30:53
412,4,1,14:31:04
320,4,1,14:56:23
36,4,1,15:04:39
280,4,1,15:05:29
320,4,1,15:14:22
430,4,1,15:15:33
120,4,1,15:22:54
408,4,1,15:40:41
408,4,1,15:41:19
408,4,1,15:41:27
408,4,1,15:41:34
430,4,1,15:44:01
435,4,1,15:57:39
248,4,1,17:57:23
388,4,1,18:01:32
115,4,1,18:37:32
120,4,1,18:38:04
86,4,1,18:46:10
160,4,1,19:09:25
408,4,1,19:13:18
408,4,1,19:13:36
120,4,1,19:35:21
432,4,1,19:44:56
63,4,1,20:22:13
63,4,1,20:22:40
63,4,1,20:22:52
375,4,1,21:27:39
331,4,1,22:21:06
136,4,1,23:07:19
120,4,1,23:11:10
117,4,1,23:29:24
282,4,1,23:47:51
320,4,1,23:48:36
133,4,1,23:58:30
115,5,2,00:01:21
320,5,2,00:05:13
408,5,2,00:07:38
408,5,2,00:07:50
408,5,2,00:08:48
267,5,2,00:08:57
137,5,2,00:09:13
137,5,2,00:09:32
36,5,2,00:34:31
375,5,2,00:34:35
66,5,2,02:53:55
217,5,2,08:28:14
408,5,2,08:37:28
375,5,2,08:45:05
388,5,2,08:45:49
111,5,2,08:54:20
115,5,2,09:03:01
19,5,2,09:03:16
375,5,2,09:07:17
375,5,2,09:07:41
36,5,2,09:21:16
287,5,2,09:23:17
220,5,2,09:30:20
221,5,2,09:34:20
120,5,2,09:51:09
55,5,2,09:54:17
375,5,2,10:07:58
375,5,2,10:08:40
261,5,2,10:24:44
158,5,2,10:28:55
430,5,2,10:33:32
63,5,2,11:06:08
63,5,2,11:07:42
63,5,2,11:24:26
375,5,2,11:32:00
320,5,2,11:42:50
144,5,2,11:53:26
260,5,2,12:58:34
460,5,2,13:01:46
460,5,2,13:03:10
78,5,2,13:23:52
338,5,2,13:42:07
159,5,2,14:06:58
115,5,2,14:16:00
307,5,2,15:09:42
217,5,2,15:24:57
237,5,2,15:25:35
375,5,2,15:28:16
310,5,2,15:46:16
310,5,2,15:46:48
310,5,2,15:47:02
184,5,2,16:15:34
184,5,2,16:15:57
307,5,2,16:16:18
265,5,2,16:16:33
307,5,2,16:16:57
292,5,2,16:17:04
86,5,2,16:17:41
84,5,2,16:18:14
383,5,2,16:18:34
324,5,2,16:18:42
302,5,2,16:18:46
225,5,2,16:18:56
190,5,2,16:19:16
458,5,2,16:21:24
81,5,2,16:21:49
280,5,2,16:21:55
221,5,2,16:22:41
63,5,2,16:23:30
42,5,2,16:23:56
63,5,2,16:23:58
451,5,2,16:24:12
203,5,2,16:24:24
221,5,2,16:24:36
221,5,2,16:25:58
36,5,2,16:26:27
380,5,2,16:26:35
120,5,2,16:26:40
42,5,2,16:27:29
36,5,2,16:27:34
120,5,2,16:27:38
59,5,2,16:27:39
324,5,2,16:27:51
292,5,2,16:28:00
118,5,2,16:28:20
292,5,2,16:28:23
406,5,2,16:28:27
303,5,2,16:28:31
72,5,2,16:28:32
6,5,2,16:28:40
42,5,2,16:28:48
363,5,2,16:28:59
363,5,2,16:29:02
155,5,2,16:29:04
406,5,2,16:29:58
202,5,2,16:30:28
406,5,2,16:30:45
375,5,2,16:30:45
163,5,2,16:30:46
202,5,2,16:31:02
202,5,2,16:31:14
163,5,2,16:31:16
36,5,2,16:31:24
247,5,2,16:31:34
202,5,2,16:31:39
406,5,2,16:31:46
247,5,2,16:31:55
219,5,2,16:32:04
202,5,2,16:32:32
188,5,2,16:33:18
406,5,2,16:33:18
45,5,2,16:33:24
408,5,2,16:33:45
406,5,2,16:34:43
105,5,2,16:35:05
444,5,2,16:35:16
91,5,2,16:35:47
238,5,2,16:36:33
42,5,2,16:36:45
241,5,2,16:37:04
434,5,2,16:37:09
214,5,2,16:37:13
456,5,2,16:37:18
238,5,2,16:37:24
251,5,2,16:37:27
303,5,2,16:38:10
113,5,2,16:38:45
122,5,2,16:38:45
344,5,2,16:39:53
392,5,2,16:39:58
59,5,2,16:40:33
287,5,2,16:40:37
376,5,2,16:41:38
216,5,2,16:42:11
411,5,2,16:42:27
412,5,2,16:43:51
338,5,2,16:44:08
437,5,2,16:44:28
237,5,2,16:44:37
30,5,2,16:45:29
338,5,2,16:45:45
350,5,2,16:46:01
30,5,2,16:48:15
350,5,2,16:49:25
320,5,2,16:53:36
247,5,2,16:54:37
410,5,2,16:54:56
78,5,2,16:55:03
5,5,2,16:55:32
247,5,2,16:55:44
222,5,2,16:56:08
222,5,2,16:56:23
409,5,2,16:56:28
78,5,2,16:56:55
202,5,2,16:57:06
273,5,2,16:57:09
37,5,2,16:59:41
63,5,2,16:59:54
168,5,2,17:00:09
7,5,2,17:00:31
115,5,2,17:00:54
37,5,2,17:01:05
7,5,2,17:01:25
56,5,2,17:03:20
179,5,2,17:05:40
179,5,2,17:08:53
350,5,2,17:15:52
202,5,2,17:17:09
47,5,2,17:17:14
266,5,2,17:17:25
220,5,2,17:21:37
220,5,2,17:21:53
179,5,2,17:22:50
85,5,2,17:23:00
374,5,2,17:27:09
205,5,2,17:29:46
91,5,2,17:36:25
220,5,2,17:42:40
245,5,2,17:50:21
245,5,2,17:52:46
275,5,2,17:53:47
19,5,2,17:54:27
19,5,2,17:55:11
315,5,2,17:55:51
323,5,2,17:55:56
323,5,2,17:56:33
108,5,2,18:01:34
74,5,2,18:20:04
280,5,2,18:41:24
299,5,2,18:44:00
72,5,2,18:45:45
220,5,2,19:08:23
105,5,2,19:18:06
375,5,2,19:24:16
406,5,2,19:25:14
182,5,2,19:31:25
217,5,2,19:40:52
220,5,2,20:04:05
255,5,2,20:11:52
228,5,2,20:15:32
115,5,2,20:36:53
220,5,2,20:41:13
78,5,2,21:07:48
236,5,2,21:24:12
444,5,2,21:33:07
406,5,2,21:53:21
184,5,2,23:08:31
184,5,2,23:08:33
120,5,2,23:31:42
9,5,2,23:37:14
171,6,3,00:01:27
406,6,3,00:02:33
375,6,3,00:06:59
52,6,3,00:07:07
266,6,3,00:07:09
90,6,3,00:08:25
122,6,3,00:11:26
415,6,3,00:12:59
244,6,3,00:16:24
120,6,3,00:19:33
120,6,3,00:20:18
72,6,3,00:20:56
51,6,3,00:24:22
408,6,3,00:28:52
202,6,3,00:37:31
202,6,3,00:37:39
97,6,3,00:40:27
115,6,3,00:54:18
220,6,3,01:01:10
179,6,3,01:11:19
217,6,3,01:23:55
217,6,3,01:24:18
320,6,3,02:19:48
238,6,3,03:04:48
238,6,3,03:05:44
30,6,3,06:52:42
115,6,3,07:04:16
115,6,3,07:04:18
320,6,3,08:08:50
204,6,3,08:14:59
408,6,3,08:41:03
406,6,3,08:42:30
247,6,3,08:54:07
120,6,3,09:02:22
314,6,3,09:04:09
314,6,3,09:04:16
268,6,3,09:06:57
258,6,3,09:10:45
327,6,3,09:11:45
312,6,3,09:14:10
367,6,3,09:28:38
395,6,3,09:29:09
367,6,3,09:29:11
217,6,3,09:31:25
406,6,3,09:32:46
82,6,3,09:35:08
275,6,3,09:35:23
153,6,3,09:43:25
247,6,3,09:44:04
122,6,3,09:53:22
375,6,3,09:55:28
223,6,3,09:57:42
121,6,3,10:22:56
308,6,3,10:29:08
406,6,3,10:33:01
63,6,3,10:42:53
168,6,3,10:50:42
408,6,3,10:51:11
112,6,3,10:58:30
411,6,3,11:03:23
148,6,3,11:06:42
409,6,3,11:09:25
409,6,3,11:09:46
265,6,3,11:10:29
54,6,3,11:11:09
248,6,3,11:12:16
248,6,3,11:12:24
42,6,3,11:24:49
18,6,3,11:28:38
5,6,3,11:32:34
5,6,3,11:32:56
247,6,3,11:36:30
406,6,3,11:43:46
120,6,3,11:45:09
217,6,3,11:48:27
217,6,3,11:48:43
45,6,3,11:55:05
123,6,3,12:10:52
36,6,3,12:24:39
64,6,3,12:29:37
135,6,3,12:30:28
3,6,3,13:21:25
375,6,3,13:58:13
120,6,3,14:07:39
104,6,3,14:43:44
406,6,3,15:33:49
261,6,3,15:37:11
261,6,3,15:37:26
7,6,3,16:17:01
392,6,3,16:20:18
338,6,3,16:46:12
292,6,3,16:56:06
434,6,3,17:23:20
179,6,3,17:35:24
409,6,3,17:41:03
315,6,3,17:58:48
320,6,3,18:35:27
432,6,3,19:22:41
120,6,3,19:28:38
406,6,3,19:55:35
66,6,3,19:57:38
282,6,3,20:05:25
120,6,3,21:15:09
375,6,3,21:16:12
120,6,3,21:49:48
42,6,3,21:59:06
418,6,3,22:04:12
185,6,3,22:05:54
219,6,3,22:06:42
173,6,3,22:06:49
173,6,3,22:06:58
88,6,3,22:12:05
327,6,3,22:14:09
307,6,3,22:14:52
359,6,3,22:36:17
71,6,3,22:49:01
287,6,3,22:52:15
120,6,3,22:56:54
120,6,3,22:58:25
120,6,3,22:59:30
315,6,3,23:06:50
315,6,3,23:06:58
406,7,4,00:00:36
320,7,4,00:03:12
179,7,4,00:25:19
248,7,4,00:28:00
115,7,4,00:31:02
36,7,4,00:49:48
375,7,4,00:52:07
36,7,4,00:58:13
91,7,4,01:09:43
175,7,4,01:51:39
300,7,4,06:50:15
359,7,4,07:08:40
185,7,4,07:14:31
331,7,4,07:17:26
269,7,4,07:49:06
406,7,4,08:11:43
388,7,4,08:12:13
115,7,4,08:38:15
120,7,4,08:39:02
350,7,4,08:48:18
350,7,4,08:48:43
217,7,4,08:51:57
217,7,4,08:52:05
76,7,4,08:52:47
34,7,4,09:10:09
359,7,4,09:25:28
86,7,4,09:30:09
116,7,4,09:57:01
120,7,4,09:59:37
193,7,4,10:14:40
359,7,4,10:20:46
359,7,4,10:20:58
359,7,4,10:21:07
457,7,4,10:21:19
202,7,4,10:26:43
327,7,4,10:27:15
245,7,4,10:29:08
3,7,4,10:29:19
320,7,4,10:33:54
450,7,4,10:35:47
450,7,4,10:37:42
143,7,4,10:38:05
411,7,4,10:38:35
238,7,4,10:42:17
336,7,4,10:44:56
131,7,4,10:50:16
284,7,4,10:55:46
102,7,4,11:11:51
217,7,4,11:17:22
312,7,4,11:19:43
338,7,4,11:27:56
7,7,4,11:39:35
90,7,4,11:41:48
90,7,4,11:41:50
57,7,4,11:44:06
363,7,4,11:47:31
120,7,4,11:58:46
406,7,4,12:06:17
179,7,4,12:06:22
179,7,4,12:07:48
251,7,4,12:25:16
179,7,4,12:32:21
222,7,4,12:34:16
266,7,4,12:54:34
222,7,4,13:02:17
85,7,4,13:07:12
120,7,4,13:07:53
125,7,4,13:12:47
306,7,4,13:12:59
363,7,4,13:21:54
456,7,4,13:23:18
375,7,4,13:26:05
307,7,4,13:35:13
307,7,4,13:35:15
345,7,4,13:57:36
406,7,4,13:59:09
65,7,4,14:17:05
65,7,4,14:20:07
120,7,4,14:45:50
115,7,4,15:03:31
451,7,4,15:04:41
363,7,4,15:04:49
120,7,4,15:06:20
238,7,4,15:09:31
238,7,4,15:09:34
465,7,4,15:26:05
412,7,4,15:27:27
412,7,4,15:27:40
147,7,4,15:34:59
307,7,4,15:38:23
307,7,4,15:38:36
331,7,4,15:40:18
374,7,4,15:54:27
219,7,4,16:10:03
36,7,4,16:12:42
237,7,4,16:14:07
320,7,4,16:25:14
338,7,4,16:39:51
408,7,4,16:58:20
233,7,4,17:00:49
49,7,4,17:01:33
363,7,4,17:02:43
122,7,4,17:16:44
217,7,4,17:24:12
115,7,4,17:29:22
460,7,4,17:33:04
65,7,4,18:08:57
375,7,4,18:11:59
410,7,4,18:37:19
193,7,4,18:46:50
360,7,4,18:47:39
412,7,4,18:50:27
86,7,4,18:53:01
120,7,4,18:55:09
375,7,4,19:05:10
356,7,4,19:18:48
63,7,4,19:32:06
63,7,4,19:41:42
138,7,4,19:44:13
338,7,4,19:50:24
331,7,4,20:39:02
307,7,4,21:17:57
307,7,4,21:18:05
216,7,4,21:32:19
258,7,4,21:35:28
274,7,4,21:36:14
163,7,4,21:38:37
338,7,4,22:07:19
96,7,4,22:12:57
255,7,4,22:15:44
327,7,4,22:16:11
85,7,4,22:28:38
120,7,4,22:38:57
331,7,4,22:55:46
375,7,4,23:15:10
320,7,4,23:16:45
63,7,4,23:17:20
42,8,5,00:01:27
406,8,5,00:03:05
408,8,5,00:05:32
115,8,5,00:10:50
163,8,5,01:47:24
179,8,5,02:16:31
179,8,5,02:16:43
406,8,5,07:39:10
412,8,5,07:49:14
115,8,5,09:13:24
245,8,5,09:42:15
327,8,5,09:49:10
327,8,5,09:49:20
91,8,5,09:53:09
307,8,5,09:53:46
307,8,5,09:53:57
406,8,5,09:57:24
120,8,5,10:13:19
120,8,5,10:13:56
63,8,5,10:37:50
320,8,5,10:44:13
312,8,5,10:46:37
363,8,5,10:47:01
225,8,5,10:48:19
222,8,5,10:53:34
120,8,5,11:03:57
408,8,5,11:12:47
455,8,5,11:30:09
350,8,5,11:35:56
350,8,5,11:36:07
115,8,5,11:36:28
120,8,5,11:52:19
375,8,5,11:54:52
375,8,5,11:55:33
86,8,5,11:56:14
86,8,5,11:56:26
86,8,5,11:56:31
86,8,5,11:56:57
406,8,5,11:58:16
247,8,5,12:13:10
254,8,5,12:36:24
163,8,5,12:41:37
1,8,5,12:50:06
1,8,5,12:50:51
63,8,5,13:24:03
331,8,5,14:59:11
310,8,5,15:01:56
115,8,5,15:03:34
120,8,5,15:04:20
221,8,5,15:07:02
150,8,5,15:09:22
401,8,5,15:12:56
253,8,5,15:17:21
120,8,5,15:19:26
253,8,5,15:20:04
43,8,5,15:23:32
49,8,5,15:33:07
327,8,5,15:34:48
388,8,5,15:39:50
464,8,5,15:39:56
375,8,5,15:52:50
50,8,5,15:58:23
433,8,5,16:11:45
433,8,5,16:11:52
309,8,5,16:14:03
358,8,5,16:18:01
358,8,5,16:19:37
358,8,5,16:21:05
358,8,5,16:21:43
148,8,5,16:44:47
318,8,5,16:49:39
120,8,5,16:53:37
204,8,5,17:20:22
101,8,5,17:27:11
7,8,5,17:27:28
7,8,5,17:28:05
115,8,5,17:28:11
63,8,5,17:52:13
375,8,5,18:11:32
278,8,5,18:15:08
86,8,5,18:49:49
120,8,5,18:58:10
255,8,5,19:15:37
123,8,5,19:21:54
258,8,5,19:22:10
223,8,5,19:22:14
185,8,5,19:24:54
185,8,5,19:26:56
185,8,5,19:27:12
185,8,5,19:29:29
1,8,5,19:39:13
314,8,5,19:56:42
320,8,5,20:02:01
307,8,5,20:38:35
363,8,5,20:39:21
120,8,5,20:47:32
163,8,5,21:33:47
137,8,5,21:42:36
255,8,5,22:15:38
15,8,5,22:22:36
120,8,5,22:43:07
115,8,5,22:44:33
222,8,5,23:06:36
78,8,5,23:35:56
255,9,6,00:05:50
406,9,6,00:06:27
408,9,6,00:06:58
120,9,6,00:17:16
90,9,6,00:18:36
217,9,6,00:32:03
217,9,6,00:33:23
255,9,6,00:51:43
255,9,6,00:52:05
255,9,6,00:52:37
120,9,6,01:45:56
120,9,6,01:46:14
120,9,6,01:46:26
375,9,6,02:00:53
36,9,6,02:45:28
86,9,6,06:42:30
63,9,6,07:22:09
63,9,6,07:22:35
406,9,6,07:24:46
222,9,6,07:35:47
432,9,6,07:38:23
120,9,6,08:00:30
310,9,6,08:26:54
310,9,6,08:27:01
115,9,6,08:28:16
363,9,6,08:32:59
418,9,6,08:38:05
120,9,6,08:39:07
331,9,6,08:41:59
312,9,6,08:44:15
327,9,6,08:54:48
148,9,6,08:58:33
320,9,6,09:00:33
406,9,6,09:33:04
258,9,6,09:36:20
163,9,6,09:54:56
50,9,6,09:56:19
63,9,6,10:05:42
217,9,6,10:17:06
115,9,6,10:41:36
299,9,6,10:47:17
7,9,6,11:10:15
148,9,6,11:29:46
255,9,6,11:38:13
120,9,6,11:42:26
429,9,6,11:43:27
201,9,6,11:44:01
292,9,6,11:46:51
408,9,6,11:53:48
456,9,6,11:55:25
50,9,6,12:00:07
50,9,6,12:00:18
280,9,6,12:03:02
404,9,6,12:03:44
184,9,6,12:04:35
255,9,6,12:04:39
412,9,6,12:05:34
7,9,6,12:05:48
96,9,6,12:06:12
358,9,6,12:06:29
248,9,6,12:06:33
358,9,6,12:09:27
358,9,6,12:09:43
280,9,6,12:13:37
432,9,6,12:13:37
280,9,6,12:13:48
76,9,6,12:13:56
122,9,6,12:14:22
182,9,6,12:14:42
241,9,6,12:14:50
3,9,6,12:15:23
122,9,6,12:15:36
182,9,6,12:15:43
122,9,6,12:15:55
122,9,6,12:16:33
430,9,6,12:17:47
66,9,6,12:17:49
449,9,6,12:18:03
81,9,6,12:18:10
42,9,6,12:18:43
95,9,6,12:18:44
351,9,6,12:18:45
350,9,6,12:19:19
280,9,6,12:19:28
351,9,6,12:20:28
363,9,6,12:21:03
314,9,6,12:21:14
91,9,6,12:23:36
188,9,6,12:24:51
115,9,6,12:25:38
375,9,6,12:29:25
63,9,6,12:31:53
63,9,6,12:32:03
148,9,6,12:36:02
307,9,6,12:36:49
307,9,6,12:37:27
6,9,6,12:39:48
192,9,6,12:41:40
174,9,6,12:50:42
208,9,6,12:56:24
278,9,6,13:06:42
340,9,6,13:08:19
410,9,6,13:26:25
410,9,6,13:27:01
258,9,6,14:04:57
160,9,6,14:48:01
148,9,6,14:49:43
220,9,6,15:02:32
233,9,6,15:07:20
363,9,6,15:56:32
252,9,6,15:56:45
188,9,6,16:01:58
188,9,6,16:02:25
255,9,6,16:06:16
375,9,6,16:06:26
261,9,6,16:08:24
12,9,6,16:25:42
327,9,6,16:42:55
327,9,6,16:42:58
120,9,6,16:49:30
444,9,6,16:49:43
50,9,6,17:27:31
275,9,6,17:33:35
120,9,6,17:40:32
5,9,6,17:47:19
5,9,6,17:49:11
307,9,6,17:51:44
148,9,6,18:19:19
188,9,6,19:04:46
370,9,6,19:25:40
312,9,6,19:39:18
255,9,6,19:54:35
220,9,6,20:19:13
85,9,6,20:21:43
460,9,6,20:27:38
137,9,6,20:42:04
120,9,6,20:58:11
307,9,6,21:08:37
388,9,6,21:13:25
388,9,6,21:13:45
451,9,6,21:18:03
174,9,6,21:39:32
363,9,6,21:40:15
363,9,6,21:40:23
7,9,6,21:43:48
7,9,6,21:44:33
219,9,6,22:21:49
406,9,6,22:22:49
163,9,6,22:24:05
63,9,6,22:24:13
278,9,6,22:24:16
209,9,6,22:24:17
163,9,6,22:24:29
149,9,6,22:25:29
350,9,6,22:25:57
205,9,6,22:26:09
350,9,6,22:26:18
307,9,6,22:26:23
307,9,6,22:26:27
331,9,6,22:26:42
120,9,6,22:27:04
141,9,6,22:27:04
304,9,6,22:27:10
220,9,6,22:27:26
120,9,6,22:27:30
255,9,6,22:27:32
120,9,6,22:28:26
331,9,6,22:28:54
289,9,6,22:29:19
331,9,6,22:30:52
427,9,6,22:33:02
19,9,6,22:33:21
148,9,6,22:36:26
63,9,6,22:53:43
338,9,6,22:54:23
120,9,6,22:54:53
120,9,6,22:55:02
363,9,6,22:56:51
363,9,6,22:56:54
363,9,6,22:57:49
217,9,6,23:02:08
274,9,6,23:09:18
320,9,6,23:10:04
115,9,6,23:11:37
171,9,6,23:15:15
222,9,6,23:15:36
171,9,6,23:15:48
138,9,6,23:16:13
138,9,6,23:16:18
120,9,6,23:18:59
120,9,6,23:20:06
120,9,6,23:20:34
120,9,6,23:20:45
120,9,6,23:21:15
408,9,6,23:21:16
406,9,6,23:23:16
331,9,6,23:27:25
350,9,6,23:33:51
248,9,6,23:34:02
307,9,6,23:47:46
388,10,7,00:01:28
225,10,7,00:01:39
115,10,7,00:06:13
327,10,7,00:07:03
258,10,7,00:12:21
258,10,7,00:12:35
277,10,7,00:16:20
408,10,7,00:16:32
277,10,7,00:17:25
307,10,7,00:18:26
255,10,7,00:19:56
222,10,7,00:29:33
351,10,7,00:29:35
350,10,7,00:30:18
350,10,7,00:30:39
412,10,7,00:37:16
188,10,7,01:03:37
163,10,7,01:11:17
163,10,7,01:13:10
303,10,7,01:17:55
154,10,7,01:21:10
406,10,7,01:24:21
91,10,7,01:24:48
406,10,7,01:29:54
148,10,7,01:32:18
410,10,7,02:47:08
120,10,7,03:08:34
120,10,7,03:09:20
50,10,7,03:34:23
408,10,7,06:46:10
258,10,7,07:16:50
350,10,7,07:37:42
217,10,7,07:58:34
363,10,7,08:11:55
412,10,7,08:14:39
331,10,7,08:21:05
63,10,7,08:34:40
118,10,7,08:34:54
63,10,7,08:35:01
63,10,7,08:35:06
115,10,7,08:40:02
174,10,7,08:54:07
388,10,7,09:29:54
148,10,7,09:30:35
255,10,7,09:40:19
350,10,7,10:02:14
120,10,7,10:19:50
406,10,7,10:23:46
86,10,7,10:55:09
308,10,7,11:03:19
78,10,7,11:04:30
307,10,7,11:08:49
375,10,7,11:20:28
375,10,7,11:20:41
375,10,7,11:21:22
50,10,7,11:25:40
375,10,7,11:35:28
375,10,7,11:37:08
375,10,7,11:39:39
327,10,7,11:40:43
277,10,7,11:43:39
277,10,7,11:43:47
315,10,7,11:59:55
412,10,7,12:06:22
388,10,7,12:07:51
406,10,7,12:23:59
172,10,7,12:27:08
258,10,7,12:42:56
12,10,7,12:46:32
358,10,7,12:51:49
86,10,7,12:58:32
120,10,7,13:00:30
148,10,7,13:00:52
307,10,7,13:14:57
238,10,7,13:20:38
317,10,7,13:21:51
7,10,7,13:21:59
238,10,7,13:22:06
238,10,7,13:22:20
7,10,7,13:22:21
115,10,7,13:26:46
375,10,7,13:30:13
7,10,7,13:31:02
3,10,7,13:31:55
204,10,7,13:32:04
204,10,7,13:32:21
163,10,7,13:35:00
320,10,7,13:52:28
36,10,7,14:21:34
323,10,7,14:24:04
323,10,7,14:24:32
188,10,7,14:25:23
78,10,7,14:32:16
265,10,7,14:33:11
265,10,7,14:33:18
307,10,7,14:37:03
410,10,7,14:45:14
255,10,7,14:47:05
226,10,7,14:52:03
350,10,7,14:53:29
222,10,7,15:09:29
201,10,7,15:21:01
99,10,7,15:33:05
120,10,7,15:33:07
312,10,7,15:34:30
248,10,7,15:40:08
412,10,7,15:54:19
314,10,7,15:58:20
163,10,7,16:06:52
174,10,7,16:16:59
307,10,7,16:27:51
115,10,7,16:29:43
255,10,7,16:31:32
258,10,7,16:32:59
296,10,7,16:39:55
370,10,7,16:40:33
171,10,7,16:43:37
5,10,7,16:43:44
42,10,7,16:46:00
338,10,7,17:14:23
258,10,7,17:27:27
217,10,7,17:31:44
320,10,7,17:32:22
274,10,7,17:39:25
375,10,7,17:59:03
410,10,7,18:02:02
217,10,7,18:06:19
120,10,7,18:06:40
9,10,7,18:08:35
307,10,7,18:20:41
36,10,7,18:30:38
406,10,7,18:34:49
217,10,7,18:37:59
171,10,7,18:38:28
171,10,7,19:28:15
163,10,7,19:36:34
432,10,7,20:15:53
370,10,7,20:21:09
179,10,7,20:31:04
406,10,7,20:35:05
7,10,7,20:42:33
7,10,7,20:42:37
395,10,7,20:49:02
463,10,7,21:39:20
410,10,7,21:40:53
222,10,7,21:52:32
307,10,7,22:42:29
148,10,7,22:51:02
171,10,7,22:55:27
408,10,7,23:03:19
217,10,7,23:04:42
76,10,7,23:14:35
363,10,7,23:20:52
363,10,7,23:21:15
85,10,7,23:21:51
163,10,7,23:33:27
245,10,7,23:39:32
410,10,7,23:43:16
344,10,7,23:50:26
344,10,7,23:50:30
255,10,7,23:57:30
406,11,1,00:02:00
406,11,1,00:02:08
258,11,1,00:02:16
115,11,1,00:04:54
174,11,1,00:05:34
351,11,1,00:06:02
163,11,1,00:10:40
120,11,1,00:16:32
222,11,1,00:19:54
50,11,1,00:20:39
350,11,1,00:36:48
63,11,1,00:36:52
350,11,1,00:36:53
115,11,1,00:37:11
350,11,1,00:37:16
303,11,1,00:38:39
308,11,1,01:06:08
308,11,1,01:06:15
248,11,1,01:07:02
120,11,1,01:12:04
115,11,1,01:19:30
410,11,1,01:30:26
410,11,1,01:30:37
375,11,1,01:40:43
320,11,1,01:47:44
312,11,1,03:07:27
434,11,1,04:25:42
434,11,1,04:26:14
350,11,1,06:48:11
120,11,1,06:49:00
406,11,1,06:59:16
259,11,1,07:02:10
148,11,1,07:06:25
320,11,1,07:14:32
174,11,1,07:16:10
412,11,1,07:42:18
163,11,1,08:04:57
388,11,1,08:24:44
363,11,1,08:32:29
222,11,1,08:48:10
432,11,1,08:55:00
185,11,1,08:57:47
462,11,1,08:57:59
267,11,1,08:58:02
438,11,1,09:09:15
115,11,1,09:28:26
115,11,1,09:28:46
418,11,1,09:29:13
247,11,1,09:40:51
247,11,1,09:41:05
307,11,1,09:48:36
307,11,1,09:48:47
307,11,1,09:48:58
63,11,1,09:51:07
50,11,1,10:23:55
36,11,1,10:42:11
188,11,1,10:52:06
408,11,1,10:55:44
330,11,1,10:56:57
330,11,1,10:58:42
363,11,1,11:29:16
406,11,1,11:46:55
115,11,1,11:51:00
312,11,1,12:06:18
375,11,1,12:12:38
204,11,1,12:13:41
28,11,1,12:16:20
188,11,1,12:18:09
258,11,1,12:21:07
163,11,1,12:21:26
91,11,1,12:22:33
7,11,1,13:13:44
210,11,1,13:14:16
210,11,1,13:15:22
312,11,1,15:12:13
217,11,1,15:31:11
217,11,1,15:31:18
185,11,1,15:41:40
391,11,1,15:42:54
179,11,1,15:51:30
90,11,1,16:01:21
163,11,1,16:12:17
261,11,1,16:24:18
261,11,1,16:24:23
406,11,1,16:27:41
179,11,1,16:39:59
318,11,1,16:42:36
120,11,1,16:47:38
388,11,1,17:25:10
171,11,1,17:33:08
120,11,1,17:45:05
370,11,1,17:49:16
406,11,1,18:36:34
76,11,1,18:56:01
338,11,1,19:25:53
222,11,1,19:41:23
171,11,1,19:41:41
350,11,1,19:44:54
297,11,1,19:49:21
5,11,1,19:51:30
451,11,1,19:52:25
36,11,1,20:12:02
278,11,1,20:29:38
171,11,1,20:29:40
120,11,1,20:29:48
220,11,1,20:43:32
217,11,1,21:14:50
205,11,1,21:20:48
309,11,1,21:30:29
220,11,1,21:34:16
220,11,1,21:34:26
307,11,1,21:38:48
307,11,1,21:38:52
179,11,1,21:57:36
388,11,1,22:47:58
406,11,1,22:56:04
171,11,1,23:14:06
175,11,1,23:17:46
120,11,1,23:19:41
238,11,1,23:20:02
410,11,1,23:20:10
238,11,1,23:20:25
238,11,1,23:20:35
238,11,1,23:21:53
255,11,1,23:21:59
255,11,1,23:22:10
351,11,1,23:22:23
115,11,1,23:22:33
238,11,1,23:23:48
163,11,1,23:24:34
163,11,1,23:24:49
52,11,1,23:37:45
120,11,1,23:39:29
193,11,1,23:43:54
50,11,1,23:44:52
303,11,1,23:47:18
312,11,1,23:59:03
